List of files ,Subject
F.No.52(25)/2019-20/Pr.CCIT,International Yoga Day
F.No.52(7)/2019-20/Pr.CCIT,General Circulars /Circulars received from the board for Circulation.
F. No.8(1)/2019-20/Pr.CCIT,Technical Office Orders 0001 to 1000/Admin.Orders
F.No.121(2)/Misc/Admn./2019-20/Pr.CCIT,Miscellaneous /2019-20/Pr.CCIT
F.No.225(6)/2019-20/Pr.CCIT,Grant of permission for sports persons & other related matters
F.No.18(6)/2019-20/Pr.CCIT,Income tax Gazetted Officers Association
F.No.19(1)/2019-20/Pr.CCIT,Special Casual Leave/ ITEF/ITGOA/Other Association
F.NO IRS Asssociation/2019-20,IRS Accoiation related matters
F.No.91/2019-20/Pr.CCIT,Verification of Membership of ITEF 
F.No.59(13)/Report RTI/2019-20/Pr.CCIT,"Quarterly & Annual Report under RTI, 2019-20"
F.No.59(13)/Monthly Report/RTI/2019-20/Pr.CCIT,"Monthly Report under RTI Act, 2019-20"
F.No.23(1)/2019-20/Pr.CC,CRSCB Sports & Cultural Events
F.No.18(8)/2019-20/Pr.CCIT,"Income tax Sports & Recretion Club,Bengaluru"
F.No.67(2)/2019-20/PR.CCIt,Grant of Honorarium -Departmental Examination
F.No.52(2)/2019-20/Pr.CCIT,Armed Force Flag correspondence reg.
F.No.1/2019-20/Pr.CCIT,Retired Officers of the Dept.Correspondence Reg.
F.No.19(2)/SCL/2019-20,Grant of Sepcial Casual Leave -Family planning bandh/election/trekking/misc.
F.No.18(4)/2019-20,Staff Association correspondence
F.No.18(7)/2019-20,The Income tax Department SC/ST Empl.Kar & Goa
F.No.44(1)/Audit/2019-20,Internal Audit Correspondence.
F.No.55(1)/2019-20/Pr.CCIT,Centralisation of Service Records and related correspondence 
F.No.18(5)/2019-20/Pr.CCIT,RCM under JCM Scheme related matters
F.No.23(1)(a)/2019-20/Pr.CCIT,CRSCB All India Sports Meet related matters
RTI file,file relating to Hearing before CIC
F.No.59(13)/RTI/2019-20,Application under RTI Act.2005/Appeal matters 
3(4)/2019-20/Pr.CCIT,Compiling of Department Telphone Directory / Administrative Hand Book
3(7)/2019-20/Pr.CCIT,Management of EPABX Systems
3(10)/2019-20/Pr.CCIT,Installation & Maintenance of office & Residencial Telepones
3(11)/2019-20/Pr.CCIT,Allotment of Project Tarang Mobile Numbers and Data Cards and Coordination with agencies like BSNL
3(19)/2019-20/Pr.CCIT,Purchase of Computers and Peripherals
2(10)/2019-20/Pr.CCIT,PURCHASE OF RUBBER STAMPS
2(14)/2019-20/Pr.CCIT,"PURCHASE OF CARTRIDGE, CDs & SPIKE BUSTER"
50(1)/2019-20/Pr.CCIT,PURCHASE OF CROCKERY AND LINEN
50(2)/2019-20/Pr.CCIT,STATIONERY ITEMS
50(3)/2019-20/Pr.CCIT,PURCHASE OF BOOKS
50(12)/2019-20/Pr. CCIT,MISCELLANEOUS
54(5)/2019-20/Pr.CCIT.,PURCHASE OF NEWS PAPERS AND MAZINES 
54(10)/2019-20/Pr.CCIT,PURCHASE OF BRIEF CASE
61(1)/2019-20/Pr.CCIT,OUTSOURCING OF OFFICE ASSISTANTS
61(4)(2)/2019-20/Pr.CCIT,OUTSOURCING OF DATA ENTARY OPERATORS
61(8)/2019-20/Pr.CCIT,OUTSOURCING CORRESPONDENCE
68(1)/2019-20/Pr.CCIT,GRANT OF WAGES
229(2)/ITO(F&W)/2019-20/Pr.CCIT                               ,REVISION OF PENSION AS PER 7TH CPC.
43(1)/2019-20/Pr.CCIT,Reimbursement of Medical Claims
43(2)/2019-20/Pr.CCIT,Medical CS(MA) Rules Correspondance
43(3)/2019-20/Pr.CCIT,Authorization Letter
43(4)/2019-20/Pr.CCIT,Annual Medical Health Check-up of Class A Officers(40years above)
43(5)/2019-20/Pr.CCIT,Medical Advance
43(6)/2019-20/Pr.CCIT,Medical Claim Correspondance
43(7)/2019-20/Pr.CCIT,"Medical appropriation, Bills sent to the ZAO & Cheques Received"
43(8)/2019-20/Pr.CCIT,ZAO Objections(Correspondance)
43(9)/2019-20/Pr.CCIT,Medical Grievance
43(10)/2019-20/Pr.CCIT,Fixed Medical Allowance
43(11)/2019-20/Pr.CCIT,Medical Correspondance-IFU/Board
41(1)/2019-20/Pr.CCIT,"Conversion of GPF Advance, Partial & Final Withdrawal"
41(2)/2019-20/Pr.CCIT,GPF Advance Gazetted
41(3)/2019-20/Pr.CCIT,GPF Advance Non-Gazetted
41(4)/2019-20/Pr.CCIT,GPF Partial/Final Withdrawal Gazetted
41(5)/2019-20/Pr.CCIT,GPF Partial/Final Withdrawal Non-Gazetted
41(6)/2019-20/Pr.CCIT,GPF Correspondance
42(1)/2019-20/Pr.CCIT,CGHS Correspondance
42(2)/2019-20/Pr.CCIT,Issue of CGHS Card
42(3)/2019-20/Pr.CCIT,Surrender of CGHS Card
F.No. 7(1)/2019-20/Pr.CCIT,Motor vehicle Advance (Correspondence with ZAO for issue of clearance certificates)
F.No. 7(5)/2019-20/Pr.CCIT,"Computer advance (sanction of computer advance, Verification of documents, correspondence with concerned DDO and ZAO in r/o Computer advance)
Correspondence with Board for sanction of funds based on applications received"
F.No.16(1)/2019-20/Pr.CCIT,Tour programme approval of officers/officials 
F.No. 34(1) & 34(2)/2019-20/Pr.CCIT,"Tour TA/Transfer TA/ LTC Advances of officers/ Officials under Pr.CCIT
Sanction of EL Encashment"
F.No. 34(6)/2019-20/Pr.CCIT,"Tour TA, Transfer TA/LTC General Correspondence. (Correspondence with Board for matters relating to relaxation for travel by private airlines and other correspondence)"
SR 116(b)(iii)/2019-20/Pr.CCIT,Matters relating to times limits for shifting of personal effects on transfer/ retirement
F.No.25(5)/2019-20/Pr.CCIT,"House Building Advance
1. Sanction of HBA
2. Sanction of rebate after verification of documents
3. Correspondence with board for matters relating to condonation for delay in payment of insurance
4. correspondence with ZAO, Bangalore for Clearance certificate, Balance outstanding, Rebate letters, payment of balance outstanding, 
5. reconveyance deed for registration after receiving clearance certificate from ZAO, Bangalore/Hubballi/Panaji
6. returning of original documents"
F.No.45(2)/2019-20/Pr.CCIT,Proceedings for conveyance allowance for ITI’s
F.No.32(1)/2019-20/Pr.CCIT,Overtime allowance for staff car drivers
F.No. 17(1)/2019-20/Pr.CCIT,CGEGIS(Central Government employees group insurance scheme)
4(1)/Budget/2019-20/Pr.CCIT,Budget Allocation
4(1)/DIT(EB)/2019-20/Pr.CCIT,"Correspondence with DIT(EB), New Delhi"
4(1)/SBA/DDO/2019-20/Pr.CCIT,Correspondence with SBA/DDO
4(1)/RE&BE/2019-20/Pr.CCIT,"RE 2019-20 BE 2019-20 of Pr.CCIT, bengaluru"
4(1)/SSE/2019-20/Pr.CCIT,Secret Service Expenditure
4(1)/ZAO/2019-20/Pr.CCIT,Correspondence with PCCA / Zonal Accounts Office
5(1)/ MES/2019-20/Pr.CCIT,Monthly Expenditure Statement
5(2)/2019-20/Pr.CCIT,Quarterly Statement on Actual Expenditure of Pay & Allowances
4(3)?ITRC/2019-20/Pr.CCIT,Grant-in-aid to ITS & RC
9(1)/2019-20/Pr.CCIT,Declaration of DDO / Head of Office
4(6)/2019-20/Pr.CCIT,Circulars on Economy Measures
11(2)/2019-20/PR.CCIT,Preparation of seniority/waiting list for quarter allotments
11(2)/2019-20/PR.CCIT,Type-V Quarter allotments
11(2)/2019-20/PR.CCIT,Type-IV Quarter allotments
11(2)/2019-20/PR.CCIT,Type-III Quarter allotments
11(2)/2019-20/PR.CCIT,Type-II Quarter allotments
11(2)/2019-20/PR.CCIT,Transit accomodation
11(2)/2019-20/PR.CCIT,"IT Colony, Austin town, Electricity & water charges"
11(2)/2019-20/PR.CCIT,"IT Colony, Jaymahal, Electricity & water charges"
11(2)/2019-20/PR.CCIT,"IT Colony, Jalahalli, Electricity & water charges"
11(2)/2019-20/PR.CCIT,"IT Colony, Yelahanka, Electricity & water charges"
11(2)/2019-20/PR.CCIT,"IT Colony, Infantry road, Electricity & water charges"
11(2)/2019-20/PR.CCIT,"Dona Cynthia, Electricity & water charges"
11(2)/2019-20/PR.CCIT,"NGV, Electricity & water charges"
11(2)/2019-20/PR.CCIT,"Golden Enclave, Electricity & water charges"
11(2)/2019-20/PR.CCIT,"C R Building, Electricity & water charges"
11(2)/2019-20/PR.CCIT,Asset register
11(2)/2019-20/PR.CCIT,HRMS details in respect of quarter allotments
11(2)/2019-20/PR.CCIT,"Maintenance works & minor repairs – Ganga Block, NGV"
11(2)/2019-20/PR.CCIT,"Maintenance works & minor repairs– Kumaradhara Block, NGV"
11(2)/2019-20/PR.CCIT,"Maintenance works & minor repairs – Nethravathi Block, NGV"
11(2)/2019-20/PR.CCIT,"Maintenance works & minor repairs – Shimsha Block, NGV"
11(2)/2019-20/PR.CCIT,"Maintenance works & minor repairs– Cauvery Block, NGV"
11(2)/2019-20/PR.CCIT,Maintenance works & minor repairs – Golden Enclave
11(2)/2019-20/PR.CCIT,"Maintenance works & minor repairs – IT Colony, Infantry road"
11(2)/2019-20/PR.CCIT,"Maintenance works & minor repairs – IT Colony, Jaymahal"
11(2)/2019-20/PR.CCIT,"Maintenance works & minor repairs – IT Colony, Yelahanka"
11(2)/2019-20/PR.CCIT,Maintenance works – C R Building
11(2)/2019-20/PR.CCIT,Maintenance works – Dona Cynthia
11(2)/2019-20/PR.CCIT,Correspondence with CPWD Authorities
11(2)/2019-20/PR.CCIT,Correspondence with other state Govt Authorities
11(2)/2019-20/PR.CCIT,Other works entrusted by the Higher Authorities
1/2019-20/Pr.CCIT/Tech,CAP - I
1-A/2019-20/Pr.CCIT/Tech,"CAP - I, From other charges"
1-B/2019-20/Pr.CCIT/Tech,"CAP -I from DIT(Int.Tax), LTU & Exemptions"
2/2019-20/Pr.CCIT/Tech,Budget File(Target & Achievements)
2-A/2019-20/Pr.CCIT/Tech,Target Cash Collection(TCC)
2-C/2019-20/Pr.CCIT/Tech,ASSESSEE  NOT TRACEABLE
2-C(1)/2019-20/Pr.CCIT/Tech,EXAMINATION OF GRANTS
2-B/2019-20/Pr.CCIT/Tech,Daily Collection
2-D/2019-20/Pr.CCIT/Tech,augmentation of BUDGET COLLECTION
2-D(1)/2019-20/Pr.CCIT/Tech,REVIEW BY MEMBER® ON 28/9/2012W.R.T BUDGET COLLECTION
2-E/2019-20/Pr.CCIT/Tech,infractuous arrear demand
2-F/2019-20/Pr.CCIT/Tech,collection of unpaid self assessment tax
2-H/2019-20/Pr.CCIT/Tech,GUIDELINES FOR SEEKING INFORMATION FORM FIU-IND
3/2019-20/Pr.CCIT/Tech,Monthly DO - (CCIT-I - pre-restructure) PR.CCIT
3-A/2019-20/Pr.CCIT/Tech,Monthly DO - CIT-I
3-B/2019-20/Pr.CCIT/Tech,Monthly DO - CIT-II
3-C/2019-20/Pr.CCIT/Tech,Monthly DO - CIT(CPC)
3-D/2019-20/Pr.CCIT/Tech,Monthly DO - CIT(Audit)
3-E/2019-20/Pr.CCIT/Tech,Monthly DO - CIT(TDS)
3-F/2019-20/Pr.CCIT/Tech,Monthly DO - CIT(LTU)
3-F(1)/2019-20/Pr.CCIT/Tech,DO Letters of member/Chairman
3-G/2019-20/Pr.CCIT/Tech,Monthly DO - APPEALS 
3-H/2019-20/Pr.CCIT/Tech,DO (MISC)
3-I/2019-20/Pr.CCIT/Tech,"MONTHLY DO CCIT-1, B'LURU"
3-J/2019-20/Pr.CCIT/Tech,"MONTHLY DO CCIT-2, B'LURU"
3-K/2019-20/Pr.CCIT/Tech,"MONTHLY DO CCIT(INTL.TAXN.), B'LURU"
3-L/2019-20/Pr.CCIT/Tech,"MONTHLY DO CCIT(TDS), B'LURU"
3-M/2019-20/Pr.CCIT/Tech,MONTHLY DO CIT(EXEM.) B'LURU
4/2019-20/Pr.CCIT/Tech,Monthly Survey Report
5/2019-20/Pr.CCIT/Tech,central Action Plan
5(A)/2019-20/Pr.CCIT/Tech,central action plan 2013-14
5(1)/2019-20/Pr.CCIT/Tech,MONITORING OF TRO's ACTION PLAN
6/2019-20/Pr.CCIT/Tech,Top 100 IT Payers & WT Payers
7-A/2019-20/Pr.CCIT/Tech,Top 100 Advance Tax Payers - Corporate
7-B/2019-20/Pr.CCIT/Tech,Top 100 Advance Tax Payers - Non- Corporate
7-C/2019-20/Pr.CCIT/Tech,ADVANCE TAX MONITORING - F.Y.2017-18
8/2019-20/Pr.CCIT/Tech,TRP
9/2019-20/Pr.CCIT/Tech,Computer Correspondence
9-A/2019-20/Pr.CCIT/Tech,Implementation of Document Identification Number(DIN)
10/2019-20/Pr.CCIT/Tech,AST Correspondence
11/2019-20/Pr.CCIT/Tech,CPC Correspondence
11(1)/2019-20/Pr.CCIT/Tech,demand fortnight
12-A/2019-20/Pr.CCIT/Tech,QPR - Part A
12-B/2019-20/Pr.CCIT/Tech,QPR - Part B
12-C/2019-20/Pr.CCIT/Tech,QPR - other than CC-I - Part A
12-D/2019-20/Pr.CCIT/Tech,QPR - other than CC-I - Part B
13/2019-20/Pr.CCIT/Tech,TRO Report
14/2019-20/Pr.CCIT/Tech,Aggregation of Agriculture Report
15/2019-20/Pr.CCIT/Tech,Quarterly Report on Write off of Arrears
16/2019-20/Pr.CCIT/Tech,Report on 80G
17/2019-20/Pr.CCIT/Tech,CAP - II Report
17-A/2019-20/Pr.CCIT/Tech,CAP-II - Reports received from other charges
17-B/2019-20/Pr.CCIT/Tech,roll out of new mis(cap-ii)
17-C/2019-20/Pr.CCIT/Tech,CAP-Centralised record management system (rms)
17-D/2019-20/Pr.CCIT/Tech,New cap-ii
18/2019-20/Pr.CCIT/Tech,Reports on Grievance petitions received from GC
19/2019-20/Pr.CCIT/Tech,REFUND-NARAYANAMURTHY-INFOSYS
20/2019-20/Pr.CCIT/Tech,SERVICE TAX
21/2019-20/Pr.CCIT/Tech,Special Economic Zone - Notification u/s 80IA4(iii)
22/2019-20/Pr.CCIT/Tech,Board's notifications
23/2019-20/Pr.CCIT/Tech,"matters pertaining to rti, 2005/monthly report on rti/uploading data"
23(1)/2019-20/Pr.CCIT/Tech,Monthly reports on rti
23-A/2019-20/Pr.CCIT/Tech,Designation of CPIOs & Appellate Authority
23-AA/2019-20/Pr.CCIT/Tech,RTI APPEALS CORRESPONDENCE
23-B/2019-20/Pr.CCIT/Tech,Forwarding of RTI Application
23-C/2019-20/Pr.CCIT/Tech,QuartERly Report of RTI
23-D/2019-20/Pr.CCIT/Tech,RTI Annual Return u/s 25 of RTI Act
23-E/2019-20/Pr.CCIT/Tech,RTI General File
23-F/2019-20/Pr.CCIT/Tech,Digest of RTI Cases
23-G/2019-20/Pr.CCIT/Tech,RTI Judgement
23-H/2019-20/Pr.CCIT/Tech,RTI JP Sharma
23-I/2019-20/Pr.CCIT/Tech,Decisions of Central Information Commission
23-J/2019-20/Pr.CCIT/Tech,orders received from other charges under rti act.
63B/2019-20/Pr.CCIT/Tech,Certificate of Registration of ITPs RECD. FROM OTHER OFFICES
24/2019-20/Pr.CCIT/Tech,Correspondence related to Survey
24-A/2019-20/Pr.CCIT/Tech,CIT-I Detail Survey Report
24-B/2019-20/Pr.CCIT/Tech,CIT-II Detail Survey Report
24-C/2019-20/Pr.CCIT/Tech,Detail Survey Report from other Charges
24-D/2019-20/Pr.CCIT/Tech,Search and Seizure Report from DIT(Inv)
25/2019-20/Pr.CCIT/Tech,Settlement  Commission Matters
26/2019-20/Pr.CCIT/Tech,Appointment of Special Standing Council
26-A/2019-20/Pr.CCIT/Tech,Correspondence - High Court Cell & Judicial Matters
26-B/2019-20/Pr.CCIT/Tech,Revenue Favorable Decisions  received from High court Cell
26-D/2019-20/Pr.CCIT/Tech,Court Matters
26-E/2019-20/Pr.CCIT/Tech,cases of public sector banks/public sector insurance companies/public sector financial institutions related to i.t.    pending before i.t. authorities and courts of law.
26-F/2019-20/Pr.CCIT/Tech,revenue favourable orders
27/2019-20/Pr.CCIT/Tech,Monthly Dossier Reports - 50 Crores & above
27-A/2019-20/Pr.CCIT/Tech,Quarterly Dossier Report - 10 Crores & above
27-B/2019-20/Pr.CCIT/Tech,Quarterly Dossier Report - 1 Crores & above
27-C/2019-20/Pr.CCIT/Tech,Correspondences relating to outstanding demand/Demand locked up in Appeal
27-D/2019-20/Pr.CCIT/Tech,"Dossier Review Meeting by DGIT(Admn), New Delhi"
27-E/2019-20/Pr.CCIT/Tech,Monitoring Dossiers- Fortnight Report
27-F/2019-20/Pr.CCIT/Tech,Central Action Plan Target of collection of Arrear Demand - Actionable cases
27-G /2019-20/Pr.CCIT/Tech,Top recovery cases - arrear recovery
28/2019-20/Pr.CCIT/Tech,Furnishing information u/s 138(i)
29/2019-20/Pr.CCIT/Tech,Stay Petitions
29(1)/2019-20/Pr.CCIT/Tech,Stay Petition - Vikram Reddy
30/2019-20/Pr.CCIT/Tech,CORRESPONDENCE RELATING TO TRUST MATTERS
31/2019-20/Pr.CCIT/Tech,Selection of cases for scrutiny & Scrutiny Instruction
32/2019-20/Pr.CCIT/Tech,Scheme for improving Quality Assessment
32A/2019-20/Pr.CCIT/Tech,High Pitched Scrutiny Assessment
33/2019-20/Pr.CCIT/Tech,Selection of cases for scrutiny - CIT-I & II
34/2019-20/Pr.CCIT/Tech,Waiver of penalty u/s.273A - M/s. MDM Group
34 A/2019-20/Pr.CCIT/Tech,Waiver of penalty u/s.221 M/s. Shyamaaju & Co. (India) P.Ltd.
34AB(Misc)/2019-20/Pr.CCIT/Tech,General File
63B/2019-20/Pr.CCIT/Tech,Certificate of Registration of ITPs RECD. FROM OTHER OFFICES
35/2019-20/Pr.CCIT/Tech,Correspondence relating to cadre Review
36/2019-20/Pr.CCIT/Tech,10(23G)- General Correspondence
37/2019-20/Pr.CCIT/Tech,10(23C)-General Correspondence
37A/2019-20/Pr.CCIT/Tech,Individual Approved orders u/s 10(23C) by CCIT-I
37B/2019-20/Pr.CCIT/Tech,Individal rejected orders u/s 10(23C) by CCIT-I
37C/2019-20/Pr.CCIT/Tech,Individual Approved orders u/s 10(23C) from other charges
37D/2019-20/Pr.CCIT/Tech,Individual rejected orders u/s 10(23C) from other charges
37E/2019-20/Pr.CCIT/Tech,"10(23C)(v) - Sri Sri Jagadguru Shankaracharya, Sringeri"
37F/2019-20/Pr.CCIT/Tech,Data Base (key information)
38/2019-20/Pr.CCIT/Tech,Approval u/s.35(1)(ii) - General Correspondence
38-A/2019-20/Pr.CCIT/Tech,Recommendation for approval u/s 35(1)(ii) to the Board
38-B/2019-20/Pr.CCIT/Tech,Notification u/s 35AC - Letter from Board
38-C/2019-20/Pr.CCIT/Tech,WITHDRAWAL OF NOTIFICATION U/s. 35(1)(ii) OF THE  I.T.ACT 1961
39/2019-20/Pr.CCIT/Tech,VIGILANCE MATTERS
39-A/2019-20/Pr.CCIT/Tech,Individual Survey Reports received from CIT-I
39-B/2019-20/Pr.CCIT/Tech,Individual Survey Reports received from CIT-II
39-C/2019-20/Pr.CCIT/Tech,Individual Survey Reports received from CIT(TDS)
40/2019-20/Pr.CCIT/Tech,Correspondence relating to Retention of Books
40-A/2019-20/Pr.CCIT/Tech,Individual Retention of books CIT-I
40-B/2019-20/Pr.CCIT/Tech,Furnishing information u/s 138(i)
40-C/2019-20/Pr.CCIT/Tech,Individual Retention of books  CIT(TDS)
41/2019-20/Pr.CCIT/Tech,Regional Economic Intelligence Conference
42/2019-20/Pr.CCIT/Tech,Conference/visit of revenue secretary
42-A/2019-20/Pr.CCIT/Tech,reviewMeetings
42-A(1)/2019-20/Pr.CCIT/Tech,MID-TERM REVIEW 2017-18
42-A(2)/2019-20/Pr.CCIT/Tech,"MONTHLY REVIEW BY PR.CCIT, B'LURU"
42-A(3)/2019-20/Pr.CCIT/Tech,"REVIEW BYMEMBER (IT) & ZONAL MEMBER  ON 27TH & 28TH OCTOBER, 2017"
42-B/2019-20/Pr.CCIT/Tech,Video Conference
42-B(1)/2019-20/Pr.CCIT/Tech,MOVEABLE ASSETS RELATED TO VIDEO CONFERENCE- CONFIDENTIAL 
42C/2019-20/Pr.CCIT/Tech,review meeting of DIT( R )
42D/2019-20/Pr.CCIT/Tech,PRESENTATION OF UNION BUDGET - 2017-18
43/2019-20/Pr.CCIT/Tech,Circulars & Instructions
43-A/2019-20/Pr.CCIT/Tech, BOARD'S Notifications
43-B/2019-20/Pr.CCIT/Tech,Instructions/Directions of board on judicial matters 
44/2019-20/Pr.CCIT/Tech,Study tour Programmes of Standing committee on Finance
45/2019-20/Pr.CCIT/Tech,119(2)(a)- Waiver of Interest
46/2019-20/Pr.CCIT/Tech,119(2)(b) - Condonation of Delay
47/2019-20/Pr.CCIT/Tech,Proposal for Write off of Arrears
48/2019-20/Pr.CCIT/Tech,Vision 2020/ASK
49/2019-20/Pr.CCIT/Tech,Direct Tax Law
50/2019-20/Pr.CCIT/Tech,Direct Tax Code
51/2019-20/Pr.CCIT/Tech,Reward Proposals
52/2019-20/Pr.CCIT/Tech,Annual returns of Political Parties
53/2019-20/Pr.CCIT/Tech,AIR Correspondence
54/2019-20/Pr.CCIT/Tech,Revised Monetary Limit
55/2019-20/Pr.CCIT/Tech,Review of Registers
56/2019-20/Pr.CCIT/Tech,APPROPRIATE AUTHORITY
57/2019-20/Pr.CCIT/Tech,LET US SHARE
57A/2019-20/Pr.CCIT/Tech, MATTER RELATING TO COOPERATIVE BANK ( LET US SHARE)
58/2019-20/Pr.CCIT/Tech,CORRESPONDENCE RELATED TO INTERNATIONAL TAXATION
59/2019-20/Pr.CCIT/Tech,
60/2019-20/Pr.CCIT/Tech,SAFEM (FOP)
61/2019-20/Pr.CCIT/Tech,JURISDICTION for new office creation
61-A/2019-20/Pr.CCIT/Tech,JURISDICTION Administration
61-B /2019-20/Pr.CCIT/Tech,JURISDICTION OF CIT(APPEALS)
61-B(1)/2019-20/Pr.CCIT/Tech,JURISDICTION OF CIT(APPEALS)Misc
61-C/2019-20/Pr.CCIT/Tech,JURISDICTION of CIT(TDS)
61-D/2019-20/Pr.CCIT/Tech,JURISDICTION of CIT(LTU)
61-D/2019-20/Pr.CCIT/Tech,Gazette Notification
61-E/2019-20/Pr.CCIT/Tech,Notification on urbanisation  Upgradation & Correspondence relating to Urbanisation
61-F/2019-20/Pr.CCIT/Tech,Order /Transfer of Appeals
61-G/2019-20/Pr.CCIT/Tech,JURISDICTION - TRANSFER PRICING
61-H/2019-20/Pr.CCIT/Tech,Appellate Orders
61-I/2019-20/Pr.CCIT/Tech,jurisdiction-international taxation
61-J/2019-20/Pr.CCIT/Tech,jurisdiction-other charges 
62(1)/2019-20/Pr.CCIT/Tech,appellate orders received from other charges
62/2019-20/Pr.CCIT/Tech,APPELLATE ORDERS CIT (A) -I
62-A/2019-20/Pr.CCIT/Tech,Appellate orders CIT (A)-II
62-B/2019-20/Pr.CCIT/Tech,APPELLATE ORDERS CIT(A) LTU
62-C/2019-20/Pr.CCIT/Tech,APPELLATE ORDERS CIT (A) -V
62-D/2019-20/Pr.CCIT/Tech,APPELLATE ORDERS CIT (A) -VI
62-E/2019-20/Pr.CCIT/Tech,APPELLATE ORDERS CIT (A) LTU
62-F/2019-20/Pr.CCIT/Tech,APPROVAL U/S -MISC.CORRESPONDENCE
62-G/2019-20/Pr.CCIT/Tech,APPELLATE ORDERS CIT (A) -IV
63/2019-20/Pr.CCIT/Tech,Approval u/s 34AB(case wise)
63-A/2019-20/Pr.CCIT/Tech,Certificate of Registration of ITPs RECD. FROM OTHER OFFICES
63-B/2019-20/Pr.CCIT/Tech,Board's circular on Double Taxation Avoidance Agreement 
64/2019-20/Pr.CCIT/Tech,Double Taxation Avoidance Agreement Correspondences
64C/2019-20/Pr.CCIT/Tech,COLLATION AND DISSEMINATION OF INFORMATION RECEIVED FROM INDONESIA AUTHORITIES
64D/2019-20/Pr.CCIT/Tech,COLLATION AND DISSEMINATION OF INFORMATION RECEIVED FROM AUSTRALIA TAX AUTHORITIES
64-A/2019-20/Pr.CCIT/Tech,List of Companies who have applied for Struck off under Easy Exit Scheme
65/2019-20/Pr.CCIT/Tech,Employees Stock Option Plan(ESOP)
65-A/2019-20/Pr.CCIT/Tech,CIT(A) matters Misc.Tiwari committee
66/2019-20/Pr.CCIT/Tech,CIT(A) matters general correspondence
66(1)/2019-20/Pr.CCIT/Tech,"Information relating to pendency & Disposal of appeal(CIT-I, II & TDS(A))"
66AA/2019-20/Pr.CCIT/Tech,"DIRECT TAX DISPUTE RESOLUTION SCHEME, 2016"
66-A/2019-20/Pr.CCIT/Tech,Information relating to pendency & Disposal of appeal(Others)
66-AB/2019-20/Pr.CCIT/Tech,CORRESPONDENCE RELATING TO APPEALS MATTERS WITH CIT(A)-I
66-B/2019-20/Pr.CCIT/Tech,Monthly disposal report(CCA)
66-C/2019-20/Pr.CCIT/Tech,Fortnightly Appeal Report
66-D/2019-20/Pr.CCIT/Tech,Monthly Telegraphic Report
66-E/2019-20/Pr.CCIT/Tech,Central Action Plan for disposal of Appeals(Basket Report)
66-F/2019-20/Pr.CCIT/Tech,Review of Performance of CIT(A)-I - Quarterly & Half yearly 
66-G/2019-20/Pr.CCIT/Tech,Review of performance of CIT(A)-II - Quarterly & Half yearly 
66-H/2019-20/Pr.CCIT/Tech,Quarterly reports on agewise pendency of Appeals
66-I/2019-20/Pr.CCIT/Tech,Monthly report on pendency of High Demand & Non - HD Appeals (7 coloumn report)
66-J/2019-20/Pr.CCIT/Tech,Central Action Plan for 11-12-(CITA) matters & Statistical matters
66-K/2019-20/Pr.CCIT/Tech,CIT(A) Matters - central action plan
66-L/2019-20/Pr.CCIT/Tech,CIT(A) MATTERS - EARLY HEARING
67/2019-20/Pr.CCIT/Tech,correspondence related to centralization
67-A/2019-20/Pr.CCIT/Tech,Transfer Notification u/s 127received from CIT-I & CIT-II-centralization
67-B/2019-20/Pr.CCIT/Tech,Transfer Notification u/s 127received from CIT-I & CIT-II- other than centralization
67-C/2019-20/Pr.CCIT/Tech,Transfer Notification u/s 127 received from the offices other than cIT-I & CIT-II
67-D/2019-20/Pr.CCIT/Tech,dit-intelligence meeting 
68/2019-20/Pr.CCIT/Tech,CIB - General Correspondence
68A/2019-20/Pr.CCIT/Tech,Result of Enquiry on information under Automatic Exchange of information(AEOI) mechanism
69/2019-20/Pr.CCIT/Tech,issues relating to software
70/2019-20/Pr.CCIT/Tech,result framework document for it dept.-Mathew
71A/2019-20/Pr.CCIT/Tech,"note sumitted by cc-hubli to miss. Poonam saxena, member cbdt"
72/2019-20/Pr.CCIT/Tech,monthly report on uploading data u/s 80g on website
73/2019-20/Pr.CCIT/Tech,119(2) c Chapter IV & VI(A)
74/2019-20/Pr.CCIT/Tech,compilation of orders of ITAT
76/2019-20/Pr.CCIT/Tech,QUARTERLY REPORT ON APPEAL/WRIT
77/2019-20/Pr.CCIT/Tech,central action plan -information technology
78/2019-20/Pr.CCIT/Tech,sec 228 (insult)
68-A/2019-20/Pr.CCIT/Tech,CIB- Calling for Information
81/2019-20/Pr.CCIT/Tech,TDS MATTERS
81(1)/2019-20/Pr.CCIT/Tech,KUIDFC - TDS Matters 194A(3)(iii)
81A/2019-20/Pr.CCIT/Tech,TDS MATTERS -Standing committee
81B/2019-20/Pr.CCIT/Tech,tds matters (Misc.)
82/2019-20/Pr.CCIT/Tech,Mutual Agreement Procedure (map)
83/2019-20/Pr.CCIT/Tech,Foreign Investment Promotion Board
83-A/2019-20/Pr.CCIT/Tech,Forewx Derivative Losses
83-B/2019-20/Pr.CCIT/Tech,CLAIM OF FOREIGN TAX CREDIT
84/2019-20/Pr.CCIT/Tech,VIP references
85/2019-20/Pr.CCIT/Tech,TDS Clearance Drive
86/2019-20/Pr.CCIT/Tech,BIFR Correspondence
87/2019-20/Pr.CCIT/Tech,Approval of Hospitals u/s 17(2)
87-A/2019-20/Pr.CCIT/Tech,Approval of Hospitals u/s 17(2) - General Correspondences
88/2019-20/Pr.CCIT/Tech,TEP Circulars
88(1)/2019-20/Pr.CCIT/Tech,Report on TEPs
88(2)/2019-20/Pr.CCIT/Tech,TEP-General correspondence
88-A/2019-20/Pr.CCIT/Tech,TEP - CIT-I    
88-B/2019-20/Pr.CCIT/Tech,TEP - CIT-II
88-C/2019-20/Pr.CCIT/Tech,TEP - CCIT-II
88-D/2019-20/Pr.CCIT/Tech,TEP - CCIT-III
88-E/2019-20/Pr.CCIT/Tech,TEP - CCIT-Hubli
88-F/2019-20/Pr.CCIT/Tech,TEP - CCIT-Panaji
88-G/2019-20/Pr.CCIT/Tech,TEP - DGIT(Inv)
88-H/2019-20/Pr.CCIT/Tech,TEP- Other States
88-I/2019-20/Pr.CCIT/Tech,TEP - Incomplete Petitions
88-J/2019-20/Pr.CCIT/Tech,TEP - CIT-LTU
88-K/2019-20/Pr.CCIT/Tech,tep - dit(exe)
88-L/2019-20/Pr.CCIT/Tech,TEP-CIT(TDS)
88-M/2019-20/Pr.CCIT/Tech,TEP - by JP Sharma
88-N/2019-20/Pr.CCIT/Tech,tep - dit (int.taxn)
88-O/2019-20/Pr.CCIT/Tech,TEP - dit (inv.)
89/2019-20/Pr.CCIT/Tech,OMBUDSMAN GEN. CORRESPONDENCE
89-A/2019-20/Pr.CCIT/Tech,ORDERS RECD. FROM OMBUDSMAN
90/2019-20/Pr.CCIT/Tech,Prosecution Matter(General Correspondence)
90-A/2019-20/Pr.CCIT/Tech,Prosecution proceedings in case of N Bhaskar Reddy
90-B/2019-20/Pr.CCIT/Tech,Monthly Progress report and Quarterly Report - Prosecution
90-C/2019-20/Pr.CCIT/Tech,Prosecution proposal(kingfisher)
91/2019-20/Pr.CCIT/Tech,Refund Matter - General Correspondence
91-A/2019-20/Pr.CCIT/Tech,"Suspected Refund of RCC, b'lore"
91-B/2019-20/Pr.CCIT/Tech,Details of Refund above Rs. 10 Lakh
91-C/2019-20/Pr.CCIT/Tech,Details of Refund above Rs. 1 Lakh
92/2019-20/Pr.CCIT/Tech,Processing of Pending Returns
92-A/2019-20/Pr.CCIT/Tech,Monthly report on Speedy Processing of Returns
92-B/2019-20/Pr.CCIT/Tech,"Widening of Tax Base - Non filing of return, Issue of notice u/s 142(1)"
94/2019-20/Pr.CCIT/Tech,Examination of Demand for Grants
95/2019-20/Pr.CCIT/Tech,Audit Matters - General Correspondence
95-A/2019-20/Pr.CCIT/Tech,C& AG Report(Audit)
95-A(1)/2019-20/Pr.CCIT/Tech,correspondence relating to c&ag matters (Draft Review)
95-A(2)/2019-20/Pr.CCIT/Tech,RAP OBJECTION /strengthening of tax base
95A(3)/2019-20/Pr.CCIT/Tech,Visit of revenue audit party on exemption u/s 10(23C)
95-B/2019-20/Pr.CCIT/Tech,System Review on Assessment(C&AG)
95-C/2019-20/Pr.CCIT/Tech,Internal Audit Correspondence
95-D/2019-20/Pr.CCIT/Tech,Quarterly Report on Receipt Audit by C&AG
95-E/2019-20/Pr.CCIT/Tech,Draft Review Report on Recovery of Arrear Demand
95-F/2019-20/Pr.CCIT/Tech,Misuse of membership details of chartered accountant-tax audit report
95-G/2019-20/Pr.CCIT/Tech,Matters relating to c&ag
95-H/2019-20/Pr.CCIT/Tech,quarterly Report on Audit 
96/2019-20/Pr.CCIT/Tech,Appointment of Auditors u/s 142(2A)
97/2019-20/Pr.CCIT/Tech,Information about Bogus Purchases/INFORMATION RECEIVED FROM OTHER OFFICES
98/2019-20/Pr.CCIT/Tech,Intelligence Co-ordination - Central Excise & Customs
98-A/2019-20/Pr.CCIT/Tech,Correspondence with other Department Agencies
99/2019-20/Pr.CCIT/Tech,Tour Programme
100/2019-20/Pr.CCIT/Tech,E-Filing
100(A)/2019-20/Pr.CCIT/Tech,VERIFICATION PROCESS FOR E-FILIED RETURNS UNDER AMMENDED SECTION 140
101/2019-20/Pr.CCIT/Tech,Verification of Antecedents & Padma Awards
102/2019-20/Pr.CCIT/Tech,Rewards Proposals in case of Informants
103/2019-20/Pr.CCIT/Tech,GFR
104/2019-20/Pr.CCIT/Tech,Office Order(Internal)
104-A/2019-20/Pr.CCIT/Tech,Office Orders(CCA) & Holidays List
104-B/2019-20/Pr.CCIT/Tech,Transfer & Posting order(Gazetted)
104-C/2019-20/Pr.CCIT/Tech,Transfer & Posting order(Non - gazetted)
105/2019-20/Pr.CCIT/Tech,Lok Sabha & Rajya Sabha
106/2019-20/Pr.CCIT/Tech,election commission matters
107/2019-20/Pr.CCIT/Tech,CENTRAL REGIONAL DIRECTE TAXES
107A/2019-20/Pr.CCIT/Tech,Regional Direct Taxes Advisory Committee (RDTAC)
107B/2019-20/Pr.CCIT/Tech,Regional Direct Taxes Advisory Committee (RDTAC) BANGALORE
107C/2019-20/Pr.CCIT/Tech,Regional Direct Taxes Advisory Committee (RDTAC) mysore
107D/2019-20/Pr.CCIT/Tech,CENTRAL Direct Taxes Advisory Committee (CDTAC) 
108/2019-20/Pr.CCIT/Tech,Stationery File
109/2019-20/Pr.CCIT/Tech,Leave File
110/2019-20/Pr.CCIT/Tech,Inspection(Instruction)
110-A/2019-20/Pr.CCIT/Tech,"Inspection Report- CIT-I, II"
111/2019-20/Pr.CCIT/Tech,Miscellaneous Corresponence
111-A/2019-20/Pr.CCIT/Tech,Miscellaneous Reports
111(1)/2019-20/Pr.CCIT/Tech,Misc. Folder(radha)
111(2)/2019-20/Pr.CCIT/Tech,Misc. folder(Radha Subramaniam)
111(3)/2019-20/Pr.CCIT/Tech,Misc. Folder(jyothi)
111(4)/2019-20/Pr.CCIT/Tech,Misc. Folder(Shabana)
111(5)/2019-20/Pr.CCIT/Tech,Misc. Folder(Chandra gandhi)
111(6)/2019-20/Pr.CCIT/Tech,Misc.folder(arvind)
111(7)/2019-20/Pr.CCIT/Tech,Misc.folder(glory shalini)
112/2019-20/Pr.CCIT/Tech,Daily Report
112(1)/2019-20/Pr.CCIT/Tech,calling for the report 
113/2019-20/Pr.CCIT/Tech,Confidential Matters
115/2019-20/Pr.CCIT/Tech,One Time used folder
121/2019-20/Pr.CCIT/Tech,Official Language
123/2019-20/Pr.CCIT/Tech,Oral Evidence - Related Matter concerning IPL/BCCI
124/2019-20/Pr.CCIT/Tech,Wealth Tax Return Information
141/2019-20/Pr.CCIT/Tech,Migration of PAN
142/2019-20/Pr.CCIT/Tech,Clarification within the dept.
142 A/2019-20/Pr.CCIT/Tech,Clarification outside the dept.
143/2019-20/Pr.CCIT/Tech,Annual Information Return (AIR) - General Correspondence
144/2019-20/Pr.CCIT/Tech,apars
145/2019-20/Pr.CCIT/Tech,compounding of offence
146/2019-20/Pr.CCIT/Tech,weeding out of files 
147/2019-20/Pr.CCIT/Tech,review of performance of valuation cell
148/2019-20/Pr.CCIT/Tech,study committee on software industries
149/2019-20/Pr.CCIT/Tech,SPECIFYING AREAS FOR THE PURPOSE OF Section 2(1A) and 2(14) of the Act
150/2019-20/Pr.CCIT/Tech,STUDY TOUR OF PAC
150A/2019-20/Pr.CCIT/Tech,PAC Misc. Reports 
151/2019-20/Pr.CCIT/Tech,MATTERS RELATING TO TRANSFER PRICING DISPUTE RESOLUTION PANEL
151(1)/2019-20/Pr.CCIT/Tech,
152/2019-20/Pr.CCIT/Tech,COMMON WEALTH GAME (CWG)
153/2019-20/Pr.CCIT/Tech,EXEMPTION u/S. 10(46)  
153(1)/2019-20/Pr.CCIT/Tech,EXEMPTION u/S. 10(6C)  
154/2019-20/Pr.CCIT/Tech,petition for grant of refund 
155/2019-20/Pr.CCIT/Tech,Matters relating to NGOs
156/2019-20/Pr.CCIT/Tech,TIME BOUND ACTION IN RESEPECT OF CASES OF NON-GENUINE BILLS . 
157/2019-20/Pr.CCIT/Tech,MATTERS UNDER INVESTIGATION BY CBI
158/2019-20/Pr.CCIT/Tech,Timebound action - VAT cases
159/2019-20/Pr.CCIT/Tech,RE-OPENING OF ASSESSMENTS IN THE CASE OF BENEFICIARIES OF ACCOMODATION M/S MAHASAGAR GROUP OF CASES - KEY PERSON SHRI MUKESH CHOKSI
160/2019-20/Pr.CCIT/Tech,matters relating to itat
161/2019-20/Pr.CCIT/Tech,levy of charges by state governments on state public sector undertakings 
162/1/2019-20/Pr.CCIT/Tech,proposal for compounding of offence M/s ganesh shipping agency M'lore
162/2/2019-20/Pr.CCIT/Tech,proposal for compounding of offence M/s vikram travels & resorts pvt. ltd M'lore
162/3/2019-20/Pr.CCIT/Tech,"proposal for compounding of offence M/s aspinwall & co., M'lore"
162/4/2019-20/Pr.CCIT/Tech,"proposal for compounding of offence M/s MN Rajendra Kumar, M'lore"
162/5/2019-20/Pr.CCIT/Tech,"proposal for compounding of offence M/s yadhava kotian, M'lore"
162/6/2019-20/Pr.CCIT/Tech,"proposal for compounding of offence M/s eswari metal industries, M'lore"
162/7/2019-20/Pr.CCIT/Tech,proposal for compounding of offence M/s sargam trading & services pvt ltd. M'lore
162/8/2019-20/Pr.CCIT/Tech,"proposal for compounding of offence M/s anil preetam d'souza kadri,M'lore"
162/9/2019-20/Pr.CCIT/Tech,"proposal for compounding of offence M/s moideen naufal,M'lore"
163/2019-20/Pr.CCIT/Tech,HSBC Correspondence 
163A/2019-20/Pr.CCIT/Tech,STATUS REPORT ON PRICEWATER GROUP
164/2019-20/Pr.CCIT/Tech,Matters relating to ltu/IBM
165/2019-20/Pr.CCIT/Tech,"Formation of Technical committee in ccit(cca), bangalore"
166/2019-20/Pr.CCIT/Tech,REGIONAL TECHNICAL COMMITTEE
167/2019-20/Pr.CCIT/Tech,PRIME MINISTER'S AWARDS FOR PUBLIC ADMINISTRATION
168/2019-20/Pr.CCIT/Tech,REVAMPING THE INSTITUTIONAL MECHANISM FOR IMPLELMENTATION  OF 2ND ARC
169/2019-20/Pr.CCIT/Tech,CADRE RESTRUCTURE
170/2019-20/Pr.CCIT/Tech,ITSC - M/s. SAI PRASAD PROPERTIES
170(A)/2019-20/Pr.CCIT/Tech,QUARTERLY REPORT OF DEMANDS PENDING FOR REALIZATION AFTER ISSUANCE OF ORDER BY ITSC.
170(B)/2019-20/Pr.CCIT/Tech,MONTHLY REPORT OF CIT(DR) ITSC
170 (C)/2019-20/Pr.CCIT/Tech,ITSC - GENERAL CORRESPONDENCE
171/2019-20/Pr.CCIT/Tech,MONTHLY REPORT BY OMBUDSMAN
172/2019-20/Pr.CCIT/Tech,NATIONAL AWARD FOR e-GOVERNANCE & OTHER AWARDS
173/2019-20/Pr.CCIT/Tech,REFERENCE RECEIVED FROM RBI REGARDING APPLICATION FOR NEW BANK LICENSES FILED BY UAE EXCHANGE AND FINANCIAL SERVICES LIMITED 
174/2019-20/Pr.CCIT/Tech,"REVIEW OF PERFORMANCE OF CIT-I &II, B'LORE"
175/2019-20/Pr.CCIT/Tech,Securities Exchange Board of India
176/2019-20/Pr.CCIT/Tech,Informaion called for in respect f Banking Transactions of Smt Ayesha Bano & Sri ZUBAIR Hussain
177/2019-20/Pr.CCIT/Tech,opting out of safe harbour
178/2019-20/Pr.CCIT/Tech,"Formation of Technical committee in ccit(cca), bangalore"
179/2019-20/Pr.CCIT/Tech,TAX ADMINISTRATION REFORMS COMMISSION (TARC)
180/2019-20/Pr.CCIT/Tech,CENTRAL ACTION PLAN ('CAP')2013-14  - CATEGORIES OF  CASES FOR INITIATING PROSECUTION PROCEEDINGS
181/2019-20/Pr.CCIT/Tech,INFORMATION TO NEWS LETTER
182/2019-20/Pr.CCIT/Tech,ANNUAL REPORT FOR F.Y. 2013-14
183/2019-20/Pr.CCIT/Tech,Establishment Matters
184/2019-20/Pr.CCIT/Tech,Draft Record Management Policy
185/2019-20/Pr.CCIT/Tech,Correspondence relating to Indian Alternative Indeminte Fund 
186/2019-20/Pr.CCIT/Tech,SHARING OF INFORMATION IN THE CASES OF BENEFICIARIES OF ACCOMODATION ENTRIES = PRAVEEN KUMAR JAIN
187/2019-20/Pr.CCIT/Tech,Appeal against withdrawl of approval from Gratuity Fund
188/2019-20/Pr.CCIT/Tech,ZONAL CONFERENCE (SOUTH ZONE)
189/2019-20/Pr.CCIT/Tech,EXEMPTION U/s10(42)
190/2019-20/Pr.CCIT/Tech,REPORT IN THE MATTER OF M B SHAH COMMISSION REPORT ON ILLEGAL MINING IN GOA
191/2019-20/Pr.CCIT/Tech,COMMITTEE TO REVIEW THE CBDT INSTRUCTION ON WORK ALLOCATION OF CsIT(J)
192/2019-20/Pr.CCIT/Tech,SCRUTINY ASSESSMENTS OF FISH FARMERS
193/2019-20/Pr.CCIT/Tech,MERGER DE-MERGER AMMALGAMATION AMONGST COMPANIES
194/2019-20/Pr.CCIT/Tech,MISCELLANEOUS REPORTS TO BOARD.
195/2019-20/Pr.CCIT/Tech,NOTIFICATION U/s.127 (POST RESTRUCTURING)
196/2019-20/Pr.CCIT/Tech,PMO Reference
197/2019-20/Pr.CCIT/Tech,NEW HIERARCHY AND AO CODES OF KARNATAKA & GOA REGION
198/2019-20/Pr.CCIT/Tech,MONEY LAUNDERING/HOUSING SECTOR
199/2019-20/Pr.CCIT/Tech,TRANSFER OF FILES CONSEQUENT TO RESTRUCTURING AND CONSEQUENT TO CHANGE IN JURISDICTION.
200/2019-20/Pr.CCIT/Tech,COPIES OF LETTERS RECEIVED FROM CIT & CCIT OFFICES REGARDING TRANSFER OF FILES 
201/2019-20/Pr.CCIT/Tech,"STUDY VISIT OF THE COMMITTEE ON FINANCE TO BANGALORE ON 19TH & 20TH JANUARY, 2015"
201A/2019-20/Pr.CCIT/Tech,"STUDY VISIT OF THE COMMITTEE ON SUBORDINATE LEGISLATION, RAJYASABHA TO BANGALORE ON 21TH & 23TH MAY, 2016"
201B/2019-20/Pr.CCIT/Tech,"STUDY TOUR OF THE COMMITTEE ON GOVERNMENT ASSURANCES(2016-17) TO KOCHI, LAKSHADWEEP AND Bangalore FROM 13 TO 18 OCTOBER, 2016"
202/2019-20/Pr.CCIT/Tech,"REVIEW OF PERFORMANCE OF VARIOUS CCsIT IN THE SOUTH ZONE, BY MEMBER (IT)"
203/2019-20/Pr.CCIT/Tech,BIOMETRIC ATTENDANCE SYSTEM
204/2019-20/Pr.CCIT/Tech,PROPOSAL  TO BOARD
205/2019-20/Pr.CCIT/Tech,CIRCULATION OF GAZETTE NOTIFICATION
206/2019-20/Pr.CCIT/Tech,MATTERS RELATING TO LOKAYUKTA
207/2019-20/Pr.CCIT/Tech,COMMITTEE TO REVIEWING OFFICE PORCEDURE MANUAL
208/2019-20/Pr.CCIT/Tech,CPGRAMS GRIEVANCES
209/2019-20/Pr.CCIT/Tech,LIST OF SUPERANNUATION FUND
210/2019-20/Pr.CCIT/Tech,MAT
211/2019-20/Pr.CCIT/Tech,CORRESPONDENCE  RECEIVED FROM OTHER ENTITIES RELATING TO SEARCH CASES 
212/2019-20/Pr.CCIT/Tech,APPLICABILITY OF TRANSFER PRICING METHOD
213/2019-20/Pr.CCIT/Tech,THIRD REPORT OF THE SIT
214/2019-20/Pr.CCIT/Tech,APPLICATION  FOR ADMITTING RETIFICATION APPLICATION & ORDERS
215/2019-20/Pr.CCIT/Tech,"ENQUIRY INTO CONTENTS OF A DOSSIER CONTAINING SALE DEEDS OF PROPERTIES OWNED BY CJI, JUSTICE H.L.DATTU AND HIS WIFE - WRIT PETITION FILED BY SMT. NISHA PRIYA BHATIA WITH HON'BLE DELHI HIGH COURT."
216/2019-20/Pr.CCIT/Tech,RESULTS FRAMEWORK DOCUMENT 2015-16 
217/2019-20/Pr.CCIT/Tech,"INCOME TAX SYSTEMS SECURITY BREACH & DATA THEFT (  INCOME DATA  OF CAPTAIN VIKARAM RAJ MANOHAR BY VIVEK JOSHI, THANE (W))"
218/2019-20/Pr.CCIT/Tech,REVIEW BY REVENUE SECRETARY
219/2019-20/Pr.CCIT/Tech,OUTSTANDING WORK DONE BY OFFICERS & STAFF
220/2019-20/Pr.CCIT/Tech,CLARIFICATION REGARDING TAX TREATMENT OF MUSHROOM FARMING
221/2019-20/Pr.CCIT/Tech,HALF YEARLY REVIEW OF PERFORMANCE
222/2019-20/Pr.CCIT/Tech,INTERACTIVE SESSION OF BANGALORE CHAMBER OF INDUSTRY AND COMMERCE(BCIC)
223/2019-20/Pr.CCIT/Tech,SUGGESTIONS ON SOME INTRUSIVE SCHEME FOR UNACCOUNTED INCOME OF PROFESSIONALS.
224/2019-20/Pr.CCIT/Tech,DIVIDEND PAYMENT OF CPSEs
225/2019-20/Pr.CCIT/Tech,SETTING UP OF DEDICATED STRUCTURE FOR DELIVERY AND MONITORING OF TAX PAYERS' SERVICES
226/2019-20/Pr.CCIT/Tech,MONTHLY REPORT ON MONITORING OF CPGRAMS
227/2019-20/Pr.CCIT/Tech,STATE EXPORT EXCELLENCE AWARDS FOR THE YEAR 2014-15 VTPC
228/2019-20/Pr.CCIT/Tech,"INCOME DECLARATION SCHEME, 2016"
229/2019-20/Pr.CCIT/Tech,"Notification of ""designated authority"" under the Direct Tax Dispute Resolution Scheme, 2016"
230/2019-20/Pr.CCIT/Tech,"INFORMATION OF STUDENTS WHO HAVE PAID CAPITATION FEES/DONATION TO M/S SINHAGAD TECHNICAL EDUCATION SOCIETY(STES), PUNE FOR ADMISSION TO RESPECTIVE COURSES"
231/2019-20/Pr.CCIT/Tech,visit of committee on 23-06-2016 headed by Justice R.V. Eshwar(Retd) 
232/2019-20/Pr.CCIT/Tech,"INFORMATION ON NOTICES ISSUED UNDER ""THE BLACK MONEY (UNDISCLOSED FOREIGN INCOME AND ASSETS) AND IMPOSITION OF TAX ACT, 2015"" - REG"
233/2019-20/Pr.CCIT/Tech,"PROHIBITION OF BENAMI PROPERTY TRANSACTION ACT, 1988"
234/2019-20/Pr.CCIT/Tech,PRADHAN MANTRI GARIB KALYAN YOJANA
234A/2019-20/Pr.CCIT/Tech,PRADHAN MANTRI GARIB KALYAN YOJANA- REPORTS
235/2019-20/Pr.CCIT/Tech,APPRECIATION LETTER
236/2019-20/Pr.CCIT/Tech,"MEMO (K Uday Kumar), TA "
237/2019-20/Pr.CCIT/Tech,QUARTERLY MEETING BETWEEN PR.CCsIT & ZONAL ADsG (VIGILANCE)
238/2019-20/Pr.CCIT/Tech,Correspondence relating to M/s Kingfisher Airlines Limited/UB Group
239/2019-20/Pr.CCIT/Tech,GLOBAL ENTRY PROGRAM
240/2019-20/Pr.CCIT/Tech,SWACHH BHARAT ABHIYAN
241/2019-20/Pr.CCIT/Tech,WEEKLY REPORT OF SURVEY u/s.133A(1)/RECOVERY SURVEY FROM 01/01/2018 TO 31/03/2018 - F.Y.2017-18
242/2019-20/Pr.CCIT/Tech,STANDING EXECUTIVE BOARD(SEB) OF STPI- Bangalore
243/2019-20/Pr.CCIT/Tech,CORRESPONDENCE RELATING TO STAR-UP COMPANIES
244/2019-20/Pr.CCIT/Tech,"STATE LEVEL COORDINATION COMMITTEE (SLCC), KARNATAKA "
245/2019-20/Pr.CCIT/Tech,COMMITTEE TO SUPERVISE APPEAL EFFECT AND RECTIFICATION FORTNIGHT FROM 01.06.2018 TO 15.06.2018
246/2019-20/Pr.CCIT/Tech,COMMITTEE TO ADVICE ON IMPROVING THE QUALITY ASSESSMENTS
247/2019-20/Pr.CCIT/Tech,"CORRESPONDENCE WITH CIT(EXEMPTION), B'LURU"
248/2019-20/Pr.CCIT/Tech,TRIBUNAL SUPPORT COMMITTEE
F.No.100(1)/2019-20/Pr.CCIT/Cash,Audit Objection (Madras & AGS Audit Party)
F.No.101(1)/2019-20/Pr.CCIT/Cash,Leave Salary and advance Pay
F.No.102(1)/2019-20/Pr.CCIT/Cash,Budget Allocation
F.No.103(1)/2019-20/Pr.CCIT/Cash,Surety Bond
F.No.104(1)/2019-20/Pr.CCIT/Cash,MCA and Scooter Advance
F.No.105(1)/2019-20/Pr.CCIT/Cash,Expenditure Sanction
F.No.106(1)/2019-20/Pr.CCIT/Cash,Reimbursement of Tuition Fees
F.No.107(1)/2019-20/Pr.CCIT/Cash,Society Dues and Statements
F.No.108(1)/2019-20/Pr.CCIT/Cash,Forwarding of Cheques/DDs
F.No.109(1)/2019-20/Pr.CCIT/Cash,Earned/Comm.L/CCL etc
F.No.109(2)/2019-20/Pr.CCIT/Cash,Casual/ Restricted Leave
F.No.110(1)/2019-20/Pr.CCIT/Cash,GPF Correspondence
F.No.111(1)/2019-20/Pr.CCIT/Cash,Periodical Increments
F.No.112(1)/2019-20/Pr.CCIT/Cash,GPF Bills
F.No.113(1)/2019-20/Pr.CCIT/Cash,TDS/IT Deduction
F.No.114(1)/2019-20/Pr.CCIT/Cash,Professional Tax
F.No.115(1)/2019-20/Pr.CCIT/Cash,Salary Certificates and other Certificates
F.No.116(1)/2019-20/Pr.CCIT/Cash,LIC Premium and Advance
F.No.117(1)/2019-20/Pr.CCIT/Cash,SR & LPC (Gaz & NGAZ - IN & OUT)
F.No.118(1)/2019-20/Pr.CCIT/Cash,Misc. Correspondence
F.No.119(1)/2019-20/Pr.CCIT/Cash,Over Time Allowance (SCD & GR.D)
F.No.120(1)/2019-20/Pr.CCIT/Cash,Festical Advance
F.No.121(1)/2019-20/Pr.CCIT/Cash,Verified & Unverified Statements
F.No.122(1)/2019-20/Pr.CCIT/Cash,Assumption of Charge
F.No.123(1)/2019-20/Pr.CCIT/Cash,Pay and Allowances
F.No.124(1)/2019-20/Pr.CCIT/Cash,Travelling Allowance & LTC Bills
F.No.125(1)/2019-20/Pr.CCIT/Cash,Circulars / Notifications
F.No.126(1)/2019-20/Pr.CCIT/Cash,Cancelled and Withdrawn Bills
F.No.127(1)/2019-20/Pr.CCIT/Cash,Weeding out of Records and Files
F.No.128(1)/2019-20/Pr.CCIT/Cash,ZAO Correspondence
F.No.129(1)/2019-20/Pr.CCIT/Cash,Allotment of Govt. Quarters
F.No.130(1)/2019-20/Pr.CCIT/Cash,Pension Papers Correspondence
F.No.131(1)/2019-20/Pr.CCIT/Cash,Relieving Orders / Transfer Orders
F.No.132(1)/2019-20/Pr.CCIT/Cash,Promotion Orders / Pay Fixation Copies
F.No.133(1)/2019-20/Pr.CCIT/Cash,Honorarium Bills
F.No.134(1)/2019-20/Pr.CCIT/Cash,Right to Information Act(RTI)/IPO
F.No.135(1)/2019-20/Pr.CCIT/Cash,Medical Bills
F.No.136(1)/2019-20/Pr.CCIT/Cash,GFR 33/ Assumption of Charge/ Duty Report
F.No.137(1)/2019-20/Pr.CCIT/Cash,Duty Report
F.No.138(1)/2019-20/Pr.CCIT/Cash,BSNL
201(1)/2019-20/Pr.CCIT,TRANSFERS AND POSTINGS OF CCIT
201(2)/2019-20/Pr.CCIT,TRANSFERS AND POSTINGS OF CIT 
201(3)/2019-20/Pr.CCIT,TRANSFERS AND POSTINGS OF ADDL./JOINT CIT
201(4)/2019-20/Pr.CCIT,TRANSFERS AND POSTINGS OF DCIT/ACIT
201(5)/2019-20/Pr.CCIT,TRANSFERS AND POSTINGS OF ITO
201(7)/2019-20/Pr.CCIT,TRANSFERS AND POSTINGS OF ITIs
201(8)/2019-20/Pr.CCIT,TRANSFERS AND POSTINGS OF A.Os
201(8A)/2019-20/Pr.CCIT,TRANSFERS AND POSTINGS OF O.S.
201(9)/2019-20/Pr.CCIT,TRANSFERS AND POSTINGS OF SPS/PS/SG.I/II/III
201(10)/2019-20/Pr.CCIT,TRANSFERS AND POSTINGS OF STA/TA/LDC
201(12)/2019-20/Pr.CCIT,TRANSFERS AND POSTINGS OF STAFF CAR DRIVERS
201(14)/2019-20/Pr.CCIT,TRANSFERS AND POSTINGS OF NOTICE SERVERS
201(17)/2019-20/Pr.CCIT,TRANSFERS AND POSTINGS OF MULTI TASKING STAFF
201(17)/TS/2019-20/Pr.CCIT,CASUAL LABOURERS/GRANT OF TEMPORARY STATUS
201(19)/2019-20/Pr.CCIT,AGT WITHIN THE REGION OF KARNATAKA AND GOA
201(26)/2019-20/Pr.CCIT,CORRESPONDENCE SS & WS
201(27)/2019-20/Pr.CCIT,ACTION FOR REFUSAL OF PROMOTION
201(28)/2019-20/Pr.CCIT,DEPLOYMENT OF STAFF IN DEPTL. CANTEENS
202(4)/2019-20/Pr.CCIT,APPOINTMENT AND PROMOTIONS OF NON GAZETTED OFFICIALS ORDERS PASSED BY ADDL.CIT(HQ)(ADMN)
202(9)/2019-20/Pr.CCIT,"APPOINTMENT/PROMOTION ORDERS ISSUED BY PR.CCIT AND CIT(Admn.&TPS), BANGALORE "
203(5)/2019-20/Pr.CCIT,ADMINISTRATIVE/TECHNICAL MATTERS PERTAINING TO COMPUTER CENTRE
204(1)/2019-20/Pr.CCIT,ADMINISTRATIVE MATTERS PERTAINING TO WING - NOMINATION OF OFFICERS AS JOINT CUSTODIAN OF STRONG ROOM
204(4)/2019-20/Pr.CCIT,POSTING OF OFFICERS AND STAFF TO DTRTI / MSTU
204(9)/2019-20/Pr.CCIT,SETTING UP OF I.T.OMBUDSMAN AT BANGALORE
204(10)/2019-20/Pr.CCIT,"MATTERS PERTAINING TO LTU, BANGALORE"
204(11)/2019-20/Pr.CCIT,NOMINATING OFFICERS TO REPRESENT THE DEPARTMENT BEFORE ITAT BENCHES
204(12)/2019-20/Pr.CCIT,POSTING OF OFFICERS & STAFF TO CPC MATTERS PERTAINING TO CPC
204(13)/2019-20/Pr.CCIT,SETTING UP OF SECRETARIAT FOR DISPUTE RESOLUTION PANEL (DRP)
204(14)/2019-20/Pr.CCIT,MATTERS RELATING TO INTERNATIONAL TAXATION AND TRANSFER PRICING
204(15)/2019-20/Pr.CCIT,SETTING UP OF HIGH COURT CELLS IN PLACES OTHER THAN BANGALORE
204(16)/2019-20/Pr.CCIT,MATTERS RELATING TO ASK CENTRE
204(17)/2019-20/Pr.CCIT,MATTERS RELATING TO ADVANCED PRICING ARRANGEMENT
205(1)/2019-20/Pr.CCIT,CORRESPONDENCE WITH SSC-ITIs
205(2)/2019-20/Pr.CCIT,CORRESPONDENCE WITH SSC-T.As
205(3)/2019-20/Pr.CCIT,CORRESPONDENCE WITH SSC-SG.GR.II
205(4)/2019-20/Pr.CCIT,CORRESPONDENCE WITH SSC-LDC
205(9)/2019-20/Pr.CCIT,RECRUITMENT OF MERITORIOUS SPORTSMEN/WOMEN 
205(10)/2019-20/Pr.CCIT,APPOINTMENTS TO THE POST OF GR.D THROUGH EMPLOYMENT EXCHANGE/ COMPASSIONATE APPOINTMENT/ CORRESPONDENCE WITH SSC-MTS
205(13)/2019-20/Pr.CCIT,MEDICAL EXAMINATION FOR PHYSICALLY HANDICAPPED CANDIDATES SPONSORED BY SSC AND NATIONAL AWARD TO PHC
205(20)/2019-20/Pr.CCIT,VERIFICATION OF CHARACTER AND ANTECEDENTS OF GR.A OFFICERS
205(21)/2019-20/Pr.CCIT,APPOINTMENTS OF NOTICE SERVERS (DR QUOTA)
207(1)/2019-20/Pr.CCIT,APPOINTMENT OF ASSISTANT DIRECTOR/ DEPUTY DIRECTOR (OFFICIAL LANGUAGE)
207(3)/2019-20/Pr.CCIT,RECRUITMENT OF SENIOR/JUNIOR HINDI TRANSLATORS
207(7)/2019-20/Pr.CCIT,CORRESPONDENCE PERTAINING TO HINDI MATTERS
208(3)/2019-20/Pr.CCIT,RETIREMENT UNDER RULE 38 OF PENSION RULES - INVALID PENSION
208(4)/2019-20/Pr.CCIT,VOLUNTARY RETIREMENT UNDER RULE 48A OF CCS (PENSION) RULES (ON COMPLETION OF 20 YEARS OF NET QUALIFYING SERVICE. FR56K - ON ATTAINING 50/55 YEARS OF AGE OR 30 YEARS OF SERVICE.
209(5)/2019-20/Pr.CCIT,DEPARTMENTAL PROMOTION COMMITTEE
209(11)/2019-20/Pr.CCIT,GRANT OF SPECIAL PAY TO GROUP A & B OFFICERS/STAFF
209(12)/2019-20/Pr.CCIT,VIGILANCE CLEARANCE FOR RELEASING PENSIONARY BENEFITS
209(20)/2019-20/Pr.CCIT,ASSURED CAREER PROGRESSION SCHEME FOR CENTRAL GOVT. CIVILIAN EMPLOYEES
209(21)/2019-20/Pr.CCIT,PREMATURE RETIREMENT OF GOVT. SERVANTS FR-56(J) - RULE 48 OF CCS (P) RULES
210(28)/2019-20/Pr.CCIT,REALLOCATION OF SANCTIONED STRENGTH/CREATION OF POSTS
211(3)/2019-20/Pr.CCIT,OFFICE ORDERS- DO DUTY BASIS
211(13)/2019-20/Pr.CCIT,ALL INDIA CIVIL LIST OF GR.A OFFICERS
211(14)/2019-20/Pr.CCIT,ALL INDIA CIVIL LIST OF ITOs GR.B
211(25)/2019-20/Pr.CCIT,GRANT OF ADDITIONAL PAY UNDER F.R.49
211(28)/2019-20/Pr.CCIT,SC & ST ASSOCIATION
211(29)/2019-20/Pr.CCIT,MISCELLANEOUS CORRESPONDENCE - GENERAL
211(47)/2019-20/Pr.CCIT,RCM MATTER PERTAINING TO ESTABLISHMENT SECTION
211(48)/2019-20/Pr.CCIT,PARLIAMENT QUESTIONS PERTAINING TO SERVICE MATTERS
211(63)/2019-20/Pr.CCIT,NOMINATION OF SENIOR GRADE OFFICERS FOR ELECTION WORK
211(65)/2019-20/Pr.CCIT,COPIES OF ORDERS OF DISCIPLINARY AUTHORITIES
211(71)/2019-20/Pr.CCIT,LOKSABHA/RAJYASABHA PROVISIONAL STARRED QUESTION/LREPLY TO BOARD'S LETTERS
211(73)/2019-20/Pr.CCIT,GRIEVANCE PETITION RECEIVED FROM OFFICER/OFFICIAL
211(94)/2019-20/Pr.CCIT,CENSUS OF CENTRAL GOVT. EMPLOYEES
211(96)/2019-20/Pr.CCIT,REQUEST FOR REVERSION TO LOWER POST
211(105)/2019-20/Pr.CCIT,IMPLEMENTATION OF HRMS PROJECT 
212(1)/2019-20/Pr.CCIT,ANNUAL INSPECTION OF SC/ST ROSTER BY LIAISON OFFICERS
212(2)/2019-20/Pr.CCIT,APPOINTMENT OF LIAISON OFFICER FOR SC/ST/OBC/PwD
212(4)/2019-20/Pr.CCIT,SPECIAL RECRUITMENT DRIVE TO FILL UP BACKLOG RESERVED VACANCIES IN D.R AND PROMOTION QUOTA
212(5)/2019-20/Pr.CCIT,ANNUAL STATEMENT ON REPRESENTATION OF SC/ST/OBC (REPORT-I & II)
212(6)/2019-20/Pr.CCIT,RESERVATION FOR PHYSICALLY HANDICAPPED IN D.R. QUOTA
212(7)/2019-20/Pr.CCIT,RESERVATION FOR PHYSICALLY HANDICAPPED IN PROMOTION QUOTA
212(17)/2019-20/Pr.CCIT,RESERVATION ROSTERS - POST BASED - IMPLEMENTATION OF SUPREME COURT JUDGEMENT
212(18)/2019-20/Pr.CCIT,REPRESENTATIONS FOR IMPLEMENTATION OF THE SUPREME COURT JUDGEMENT IN THE CASE OF R.K. SABHARWAL VS. STATE OF PUNJAB - REG.
212(21)/2019-20/Pr.CCIT,SUBMISSION OF QUARTERLY REPORT TO THE NATIONAL COMMISSION FOR SCs(STATE OFFICE - KARNATAKA)
212(22)/2019-20/Pr.CCIT,REPRESENTATION - IMPLEMENTATION OF SUPREME COURT'D DECISION IN THE CASE OF UOI & others Vs N.R. Parmar & others - decision dtd. 27.11.2012
213(3)/2019-20/Pr.CCIT,CONFIRMATIONS/DECLARATION OF SUCCESSFUL COMPLETION OF PROBATIONERY PERIOD 
214(4)/2019-20/Pr.CCIT,RELIEVING ORDERS/ OFFICE ORDERS
214(6)/2019-20/Pr.CCIT,ALL INDIA AGT - GR.A
214(17)/2019-20/Pr.CCIT,CIRCULARS ON TRANSFER GUIDELINES - NON GAZETTED STAFF
214(19)/2019-20/Pr.CCIT,"INCOME TAX - GR. B, C, AND D RECRUITMENT RULES"
214(19A)/2019-20/Pr.CCIT,RESTRUCTURING IN DEPARTMENT - GENERAL CORRESPONDENCE
214(20)/2019-20/Pr.CCIT,POSTING OF IRS OFFICERS TO OVERSEAS INCOME TAX UNITS
221/MC/2019-20/Pr.CCIT,INFORMATION REGARDING RECRUITMENT OF MINORITIES IN INCOME TAX DEPARTMENT - HALF YEARLY REPORT
221(1)/2019-20/Pr.CCIT,STATEMENT SHOWING THE S.S & W.S OF OFFICERS AND STAFF - QUARTERLY & HALF YEARLY REPORT
221(2)/2019-20/Pr.CCIT,ANNUAL REPORT - RESERVATION OF VACANCIES FOR PHYSICALLY HANDICAPPED PERSONS
221(3)/2019-20/Pr.CCIT,ANNUAL REPORT ON REPRESENTATION ON WOMEN
221(4)/2019-20/Pr.CCIT,HRD REPORTS
221(5)/2019-20/Pr.CCIT,REPORT ON MINORITIES
221(6)/2019-20/Pr.CCIT,REPORT ON RECRUITMENT AND RESERVATION OF EX-SERVICEMEN
225(5)/2019-20/Pr.CCIT,RESIGNATION OF GR.C EMPLOYEES
/2019-20/Pr.CCIT,DISPOSITION/ESTABLISHMENT LIST AS ON 1st JANUARY
248/2019-20/Pr.CCIT,RTI CORRESPONDENCE AND INFORMATION FURNISHED TO CPIO UNDER RTI ACT
250/2019-20/Pr.CCIT,COMPLAINTS-ADMINISTRATIVE NATURE
211(105)/2019-20/Pr.CCIT,IMPLEMENTATION OF HRMS PROJECT 
240/2019-20/Pr.CCIT,GFR/duty reporting relieving
211(27)/2019-20/Pr.CCIT,CALLING FOR KARDEX PARTICULARS
245/2019-20/Pr.CCIT,ISSUE OF PENSIONER''S ID CARDS/GR.A/B/C/D
246/2019-20/Pr.CCIT,IRS PROFILE
203(6)/2019-20/Pr.CCIT,ALLOTMENT OF EMPLOYEE CODE TO OFFICERS AND STAFF
244A(1)/2019-20/Pr.CCIT,"Course for CsIT/CCsIT at NADT, Nagpur "
244A(2)/2019-20/Pr.CCIT,"Course for ADDL./JCsIT AT NADT, Nagpur"
244A(3)/2019-20/Pr.CCIT,"Course for DCs IT/AcsIT at NADT, Nagpur  "
244A(4)/2019-20/Pr.CCIT,Course for Gr. A OFFICERS at ABROAD
244A(5)/2019-20/Pr.CCIT,"Course for Gr. A OFFICERS (ACROSS CADRES) at NADT, Nagpur    "
244B(1)/2019-20/Pr.CCIT,"Course of ITO at DTRTI, Bangalore"
244B(2)/2019-20/Pr.CCIT,"Course of ITI at DTRTI, Bangalore"
244B(3)/2019-20/Pr.CCIT,"Course for Officers & Inspectors(ACROSS CADRES) at DTRTI, Bangalore "
244B(5)/2019-20/Pr.CCIT,Inspectors(ACROSS CADRES) @Others RTIs 
244C(1)/2019-20/Pr.CCIT,"Course for OS, STA, TA, MTS at MSTU, Bangalore"
244C(3)/2019-20/Pr.CCIT,"Course for Stenographers at MSTU, Bangalore"
244C(4)/2019-20/Pr.CCIT,"Course for NS/SCD at MSTU, Bangalore"
244D(2)/2019-20/Pr.CCIT,Course for Retiring Officials
244D(4)/2019-20/Pr.CCIT,Course for IRS Probationers/OJT at NADT/DTRTI
244D(6)/2019-20/Pr.CCIT,Rajbhasha Karyashala Course for Official Language 
244D(7)/2019-20/Pr.CCIT,Miscellaneous Training
244D(1)/2019-20/Pr.CCIT,Coaching Classes for SC/ST officials
226(6)/2019-20/Pr.CCIT,Deputation for Gazetted
226(7)/2019-20/Pr.CCIT,Deputation for Non-Gazetted
230(12)/2019-20/Pr.CCIT,Grant of Increments to Meritorious Sports Persons
228(1)/2019-20/Pr.CCIT,Appointment of cashiers/sanction of cash handling allowance
207(6)/2019-20/Pr.CCIT,Grant of Personal Pay for Passing Hindi Examination
218/2019-20/Pr.CCIT,ICT to Other Regions
226(4)/2019-20/Pr.CCIT,Proficiency Test for Stenographers
226(5)/2019-20/Pr.CCIT,Typing Test for LDCs
229(2)/2019-20/Pr.CCIT,Family Pension
222(2)/2019-20/Pr.CCIT,Pay Anomaly 
223(A1)/2019-20/Pr.CCIT,Pay Fixation of ex-employee pensioners
229(2)/2019-20/Pr.CCIT,Pension Correspondence
244/LDC-CT/2019-20/Pr.CCIT,Computer Skill Test for pre-restructuring LDCs/MTS
217(Exam)/2019-20/Pr.CCIT/BNG,Departmental Examination File (General Correspondence)
217(Exam)/ITOs/2019-20/Pr.CCIT,Departmental Examination of Income Tax Officers
217(Exam)/ITI/2019-20/Pr.CCIT,Departmental Examination of Inspectors
217(Exam)/MS/2019-20/Pr.CCIT,Departmental Examination of Ministerial Staff 
223(7)/2019-20/Pr. CCIT/B,Grant of Advance Increments
217(Exam)/Chief Invig./2019-20/Pr.CCIT,Appointment of Chief Invigilators for the ITO/ITI/MS Exam 
217(1)/AC/Prob/2003 onwards/Pr.CCIT,Departmental Exam of ACsIT(Probationers)- communication of Result
217/ITOs/Trang. Exam/2019-20/Pr.CCIT,Results of Newly Promoted ITOs after Orientation Course at DTRTI
220/Comp.Appt./2019-20/Pr.CCIT,Compassionate Appointment – General Correspondence
213(3)/Confirmation/2019-20/Pr.CCIT,Confirmation – Group C Cadre
205/OBC/2019-20/Pr.CCIT,Verification of OBC Claims of Group ‘C’ officials 
205/SC/ST/2019-20/Pr.CCIT,Verification of SC/ST Claims of Group ‘C’ officials 
224(2)/2019-20/Pr.CCIT/Bng.,Counting of past services 
ACRs/2019-20/Pr.CCIT/Bng,APAR Information
234(2)/CCIT/Leave/Pr.CCIT/2018,Casual Leave applications of CCsIT of the Region
234(2)/CIT/Leave/2019-20/Pr.CCIT,CL leave applications of Pr.CsIT/ CsIT
225(1)(B)/2019-20/Pr.CCIT/Bng.,Forwarding of Leave application of CCsIT to the Board
File No.234(2)/2019-20/Pr.CCIT,Earned Leave of Pr.CsiT/CsIT
234(11)/2019-20/Pr.CCIT,Reference to Board – Group A Officers
225(1)(A)/2019-20/Pr.CCIT,Study Leave
225(1)(A)/2019-20/Pr.CCIT,Grant of permission to pursue higher Studies (Both Gazetted & Non Gazetted) officials.
225(3)/CN/2019-20/Pr.CCIT,Change of Name (Both Gazetted & Non Gazetted officials ) 
225(2)/2019-20/Pr.CCIT,Change of Home Town (Both Gazetted & Non Gazetted officials ) 
225(4)/2019-20/Pr.CCIT,Change of Date of Birth (Both Gazetted & Non Gazetted officials ) 
226(2)/2019-20/Pr.CCIT,"Applications submitted by officials for different Posts to SSC, UPSC, etc "
226(3)/2019-20/Pr.CCIT,Applications submitted by officials for different posts other than SSC/UPSC 
247/SH/2019-20/Pr.CCiT,Sexual Harassment at workplace
229(3)/2019-20/Pr.CCIT,Issue of list of Govt. Servants Retiring on  Superannuation
File No.61(3)/2019-20/Pr.CCIT,Out  Sourcing and Soft Landscaping
File No 58(2)/2019-20/Pr.CCIT,Speed Post File
File No 49(3)/2019-20/Pr.CCIT,Diesel for genset CR Building and Income Tax Guest House
File No 49 (30)/2019-20/Pr.CCIT,Admistrative Approval and Expenditures of building maintainance purchase of flower pots Bouques for meeting and office cable Tv Subscription and building materials.
File No 54(4)/2019-20/Pr.CCIT,Pest control mosquito spray and rat poison
File No 49(4)/2019-20/Pr.CCIT,"Purchase of mineral water 20 ltr,500 ml,250 ml bottles."
F.NO.ITO/PR/CLFN/2019-20,Queries on Income tax
F.NO.ITO/PR/ADVT./2019-20,Release of advertisements
F.NO.ITO/PR/PRESS/2019-20,Release of Press Notes
F.NO.ITO/PR/CPGRAMS/2019-20,Redressal of Grievance petitions received online
F.NO.ITO/PR/MISC/2019-20 ,"Forwarding of miscellaneous letters like PAN transfers, TDS matters etc"
F.NO.ITO/PR/TAX RATE/2019-20,Preparation of Tax Rate Brochure for distribution to the public after taking into account the amendments
F.NO.ITO/PR/TDS CARD/2019-20,Preparation of TDS Brochure for distribution to the public after taking into account the amendments
F.NO.ITO/PR/WEBSITE/2019-20,Uploading in the department website www.incometaxbengaluru.in
F.NO.ITO/PR/TEP/2019-20,Forwarding of TEPs to DGIT(Inv.)
F.NO.ITO/PR/BOARD’S GP/2019-20,Individual files are opened for each petitioner for the paper petitions received from the Board pertaining to all the PCsIT charges of Karnataka & Goa.
F.NO.CGEWCC/2019-20,Meeting to finalize  Holidays for Central Government Offices
F.NO.CGEWCC/2019-20,Empanelment of Authrised Medical Attendants(AMAs)
F.No. 01/GC/L/Pr.CIT-2/2019-20/W/C,"Grievance petitions pertaining to Pr. CIT- 2, Bangalore.  Individual filed are opened for each petitioner for the paper petitions received. "
F.No. 01/GC/L/Pr.CIT-4/2019-20/W/C,"Grievance petitions pertaining to Pr. CIT- 4, Bangalore."
F.No. 01/GC/L/Pr.CIT-6/2019-20/W/C,"Grievance petitions pertaining to Pr. CIT- 6, Bangalore."
F.No. 01/GC/L/Pr.CIT-Klg/2019-20/W/C,Grievance petitions pertaining to Pr.CIT- Kalburgi.
F.No. 01/GC/L/Pr.CIT-Dvg/2019-20/W/C,Grievance petitions pertaining to Pr.CIT- Davangere.
F.No.ITO/PR/Printing /2019-20,Printing of ITR forms
F.No.ITO/PR/Printing /2019-20,Printing of other forms and folders.
F.No. 01/GC/L/Pr.CIT-1/2019-20/W/C,Individual files are opened for each petitioner for the paper petitions received from the assessee 
F.No. 01/GC/L/Pr.CIT-3/2019-20/W/C,-do-
F.No. 01/GC/L/Pr.CIT-7/2019-20/W/C,-do-
F.No.01/GC/L/Pr.CIT-Exmp/2019-20/W/C,-do-
F.No.01/GC/L/Pr.CIT-Int-Taxn/2019-20/W/C,-do-
F.No. 01/GC/L/Pr.CIT- Mys/2019-20/W/C,-do-
F. No.ITO/PR/CPC(Fwrd)/2019-20,"Grievance petitions received for the A.Y 16-17 and 17-18 are sent to CPC docket wise, each docket contains around 10 petitions."
F. No. ITO/PRO/SBA/2019-20,Only this year the file has been handed over to the PRO Section
F. No. Misc/Fwd/2019-20,Forwarding of miscellaneous letters to CPC and other Range offices
F.No. 01/GC/L/Pr.CIT-5/2019-20/W/C,"Grievance petitions pertaining to Pr. CIT- 5, Bangalore.  Individual filed are opened for each petitioner for the paper petitions received. "
1/RTI-MIS/2019-20,Implementation of RTI Act. Online RTI Application 
2/RTI-Appeal/2019-20,Online RTI Appeal 
3/Admn.Apprl/2019-20,Administrative approval and expenditure sanction
4/Main.Cont/2019-20,Maintenance contract of UPS/Computers
5/Tour Prgm/2019-20,Tour programme
6/C.T.B/2019-20,Computer Terminal Banks
7/Intm.Rule-18/2019-20,Intimation under Rule 18
8/Circulars/2019-20,Circulars
9/BMA/2019-20,Biometric Attendance
10/APR’s/2019-20,A.P.R’s 
11/O.L/2019-20,Official Language
12/Misc.Corrp/2019-20,Miscellaneous correspondences
F.No. 244D(9)/2019-20/Pr.CCIT,Conference held in Karnataka & Goa Region  based on requirements Vehicles requested from other charges 
F.NO.30/2019-20/Pr.CCIT ,Monthly Bills related to Guest House Maintains 
F.NO.53(2)/VEH BILLS/2019-20/Pr.CCIT ,"Hiring of Vehicle for meetings, Conference  for  visiting Officers on Tour Program"
F.No.15(4)/2019-20/Pr.CCIT,Monthly Bills for Act Cable Service and Pest Control for Guest House 
F.NO. 8(i)/ITO/PROTOCOL/2019-20,Airport Daily/3 Months /1 year passes   for the Officer
Tender  No. 61(6)/2019-20/PR. CCIT      ,Guest House Tender File     
F.No. 11/Misc./2019-20/ITO(PROTOCOL),Stationery 
Establishment Circular File/2019-20/Pr.CCIT,Circular received from Establishment section is Filed 
Technical Circular File/2019-20/Pr.CCIT,Circular received from Technical section is Filed 
Guest House Booking File/2019-20/Pr.CCIT,Guest booking request  is filed
Tour Program/2019-20/Pr.CCIT,received Tour Program  is Filed 
F.NO 29(8)/2019-20/Pr.CCIT,CORRESPONDANCE SUBORDINATE OFFICE STAFF CAR /OPERTIONAL VEHICLE 
F.NO-53(2)/2019-20/Pr.CCIT,VEHICLE BILLS FOR VISITING BILLS
F.NO 53(3)/2019-20/Pr.CCIT,A.A& E.S HIRING FOR VISITING VEHICLE.
F.NO.24/PETROL & DIESEL/2019-20/Pr.CCIT,A.A &E.S. PETROL & DIESEL BILL 
F.NO 29(5)/2019-20/Pr.CCIT,HIRING OF STAFF CARS &OPERTIONAL VEHICLE
TAPPAL FILES /2019-20/Pr.CCIT,RECIVING OF GRIAVANCE
OFFICIAL TOUR PROGRAME FILES/2019-20/Pr.CCIT,
Technical Circular File/2019-20/Pr.CCIT,
C-34(1)/2019-20/Pr.CCIT,Foreign Travel- Permission/Vigilance Clearance/Expenditure Statement
C-34(2)/2019-20/Pr.CCIT,NOC Passport - Issue of No Objection Certificate/Vig.Clearance
C-34(3)/2019-20/Pr.CCIT,CBI Correspondence
C-34(4)/2019-20/Pr.CCIT,Vigilance Reports
C-34(5)/2019-20/Pr.CCIT,Tax Evasion Petitions
C-34(6)/2019-20/Pr.CCIT,Employment Certificate for VISA
C-34(7)/2019-20/Pr.CCIT,Court Summons
C-34(8)/2019-20/Pr.CCIT,Review of Suspension
C-34(9)/2019-20/Pr.CCIT,Agreed List
C-34(10)/2019-20/Pr.CCIT,Vigilance Inspection
C-34(11)/2019-20/Pr.CCIT,Vigilance Awareness Week
C-34(12)/DP/2019-20/Pr.CCIT,DP General Correspondence forwarding of circulars
C-34(12)/COM/2019-20/Pr.CCIT,Complaints/DP
C-34(13)/2019-20/Pr.CCIT,Parliament Questions Reports
C-34(14)/2019-20/Pr.CCIT,RTI Correspondence
C-34(15)/2019-20/Pr.CCIT,Miscellaneous
C-34(15)/2019-20/Pr.CCIT,Quarterly meeting between Pr.CCIT & Zonal ADG(V)
C-54(1)/2019-20/Pr.CCIT,No Review Certifcate
C-54(2)/2019-20/Pr.CCIT,Writing of APAR
C-304(1)/2019-20/Pr.CCIT,Deficient/Part ACRs/APARs  Gr.A
C-304(2)/2019-20/Pr.CCIT,Correspondence with Ad.VI  and other charges Gr.A
C-304(4)/2019-20/Pr.CCIT,Correspondence with ACR Cell Gr.B
C-304(5)/2019-20/Pr.CCIT,Correspondence with other charges/transfer of APAR Gr.B & C
C-304(6)/2019-20/Pr.CCIT,Other Correspondence 
C-304(7)/2019-20/Pr.CCIT,APAR Transferred IN from other charges GROUP-A
C-304(8)/2019-20/Pr.CCIT,APAR Transferred OUT to other charges GROUP-A
C-304(9)/Gr-A/2019-20/Pr.CCIT,Defective APAR - GROUP 'A'
C-304(9)/ITO/2019-20/Pr.CCIT,Defective APAR - ITO
C-304(9)/2019-20/Pr.CCIT,Defective APAR - OTHERS
C-304(10)/2019-20/Pr.CCIT,Adverse Remarks/Upgradation Folders
C-352(1)/2019-20/Pr.CCIT,Intimation u/r 18(2)/(3) other permissions GAZETTED
C-352(2)/2019-20/Pr.CCIT,Intimation u/r 18(2)/(3) other permissions  NON GAZETTED
C-352(3)/2019-20/Pr.CCIT,IPR Gr.A Correspondence
C-352(4)/2019-20/Pr.CCIT,Calling for back records of IPR from other charges
C-352(5)/2019-20/Pr.CCIT,Forwarding of IPR folders to other charges
C-352(6)/2019-20/Pr.CCIT,Circular u/r 18(2) & 18(3) CCS(C)Rules
C-352(7)/2019-20/Pr.CCIT,Circular - Calling for IPRs from Gr.A & B Officers
C-352(8)/2019-20/Pr.CCIT,IPR Sent to Board
C-352(9)/2019-20/Pr.CCIT,LOKPAL
C-382(1)/2019-20/Pr.CCIT,DPC Meetings of other Departments Nomination of Members
C-393(1)/2019-20/Pr.CCIT,Vigilance Clearance on Retirement/VR
C-393(2)/2019-20/Pr.CCIT,Vigilance Clearance on grade pay of 5400 to ITOs
C-393(3)/2019-20/Pr.CCIT,Vigilance Clearance on rewards
C-393(4)/2019-20/Pr.CCIT,"Vigilance clearance for Appointment, Technical Resignation, Intercharge Transfers"
C-393(5)/2019-20/Pr.CCIT,"Vigilance Clearance for Promotion, Deputation, Training etc."
C-394(1)/2019-20/Pr.CCIT,DPC Group 'B' ITO
C-394(2)/2019-20/Pr.CCIT,DPC Group 'C' ITI
C-394(3)/2019-20/Pr.CCIT,"DPC Group 'B' OTHER CADRES AO,PS,OS,SG-1"
C-394(4)/2019-20/Pr.CCIT,"DPC Group 'C'  OTHER CADRES STA,SG-II,TA,LDC,NS,SCD"
C-394(5)/2019-20/Pr.CCIT,DPC for ACP/MACP Scheme
C-394(7)/2019-20/Pr.CCIT,Quarterly Review of Retiring Officials
C-VIG/STRY/2019-20/Pr.CCIT,Stationery/Computer Peripherals/Letter Heads
